http_time_avg,bytes_A,packet_inter_arrivel_entropy,packet_inter_arrivel_min,ttl_min,device_category
0,743,4.889680181,0,44,4
0,743,3.864853098,0,42,4
0,743,4.889680181,9.54E-07,43,4
0,743,4.251629167,0,42,4
0,743,4.165894208,0,42,4
0,743,4.889680181,0,43,4
0,743,4.165894208,0,42,4
0,743,4.45366069,0,44,4
0,743,4.889680181,0,42,4
0,743,4.546593564,9.54E-07,42,4
0,743,4.889680181,0,43,4
0,743,4.501629167,0,44,4
0,743,4.889680181,0,43,4
0,743,4.334962501,0,42,4
0,743,4.889680181,0,42,4
0,743,4.053508855,0,42,4
0,743,4.56385619,0,44,4
0,743,4.229871195,0,42,4
0,743,4.889680181,0,43,4
0,743,4.152391278,0,42,4
0,743,4.889680181,0,42,4
0,743,4.386842188,0,44,4
0,743,4.889680181,0,43,4
0,743,4.386842188,0,44,4
0,743,4.889680181,0,42,4
0,743,4.110093478,0,44,4
0,743,4.889680181,0,42,4
0,743,4.152391278,0,44,4
0,743,4.889680181,0,43,4
0,743,4.37366069,0,44,4
0,743,4.889680181,0,43,4
0,743,4.303508855,0,44,4
0,743,4.889680181,0,41,4
0,743,4.101227481,9.54E-07,42,4
0,743,4.889680181,0,42,4
0,743,4.095795255,0,44,4
0,743,4.889680181,0,43,4
0,743,4.053508855,0,44,4
0,743,4.889680181,0,43,4
0,743,4.152391278,0,42,4
0,743,4.21189747,0,42,4
0,743,4.889680181,0,42,4
0,743,4.175735869,0,44,4
0,743,4.889680181,0,43,4
0,743,4.188721876,0,42,4
0,743,4.889680181,0,42,4
0,743,4.188721876,0,42,4
0,743,4.889680181,0,43,4
0,743,3.879664005,0,42,4
0,743,4.889680181,0,42,4
0,743,4.243300369,0,44,4
0,743,4.889680181,0,43,4
0,743,4.229871195,0,44,4
0,743,4.889680181,0,42,4
0,743,4.277613437,0,44,4
0,743,4.889680181,0,41,4
0,743,4.229871195,0,44,4
0,743,4.889680181,0,43,4
0,743,4.386842188,0,42,4
0,743,4.889680181,0,43,4
0,743,4.070656113,0,44,4
0,743,4.889680181,0,43,4
0,743,4.501629167,0,42,4
0,743,4.889680181,0,43,4
0,743,4.889680181,0,42,4
0,743,4.168295834,0,44,4
0,743,4.152391278,0,44,4
0,743,4.889680181,0,42,4
0,743,4.101227481,0,42,4
0,743,4.889680181,0,43,4
0,743,4.303508855,0,42,4
0,743,4.889680181,0,43,4
0,743,4.303508855,0,44,4
0,743,4.889680181,0,42,4
0,743,4.889680181,0,43,4
0,743,4.152391278,0,44,4
0,743,4.501629167,0,44,4
0,743,4.889680181,0,43,4
0,743,4.368522528,0,42,4
0,743,4.889680181,0,43,4
0,743,4.386842188,0,42,4
0,743,4.875,0,42,4
0,743,4.889680181,0,41,4
0,743,4.368522528,0,42,4
0,743,4.889680181,0,43,4
0,743,4.277613437,0,44,4
0,743,4.889680181,0,43,4
0,743,4.053508855,0,44,4
0,743,4.889680181,0,43,4
0,743,4.243300369,0,44,4
0,743,4.889680181,0,43,4
0,743,4.277613437,0,42,4
0,743,4.889680181,0,43,4
0,743,4.303508855,0,42,4
0,743,4.889680181,0,43,4
0,743,4.262692391,9.54E-07,42,4
0,743,4.889680181,0,41,4
0,743,4.368522528,0,42,4
0,743,4.889680181,0,42,4
0,743,4.152391278,0,44,4
0,743,4.889680181,0,54,0
0.003083,743,3.906890596,1.22E-05,64,0
0.004329,743,3.906890596,0,64,0
0.003404,743,3.906890596,0,64,0
0.004324,743,3.906890596,9.54E-07,64,0
0.004241,743,3.773557262,7.87E-06,64,0
0.003208,743,3.906890596,7.15E-06,64,0
0.003311,743,3.906890596,1.00E-05,64,0
0.003471,743,3.906890596,1.19E-05,64,0
1789569706,743,4.889680181,0,46,0
0,743,4.459431619,2.15E-06,40,0
0,743,4.459431619,1.91E-06,41,0
0,743,4.169925001,1.91E-06,39,0
0,743,4.64385619,8.11E-06,45,0
0,743,4.584962501,6.91E-06,45,0
0.108985,743,3.169925001,0.00293088,64,0
0,743,4.459431619,0,42,0
0,743,4.459431619,1.00E-05,41,0
0,743,4.523561956,8.11E-06,42,0
0,743,4.889680181,0,54,0
0,743,4.889680181,0,54,0
0,743,4.459431619,1.00E-05,41,0
0,743,4.889680181,0,52,0
0,743,4.889680181,0,53,0
0,743,4.889680181,0,51,0
0,743,4.889680181,9.54E-07,50,0
0,743,4.889680181,0,51,0
0,743,4.889680181,0,50,0
0,743,4.889680181,0,49,0
0,743,4.459431619,9.06E-06,41,0
0,743,4.889680181,9.54E-07,54,0
0,74,1,0.016282082,42,0
0,743,4.221928095,9.54E-07,41,0
0,743,4.889680181,0,41,0
0,743,4.889680181,2.00E-05,52,0
0,743,4.889680181,1.98E-05,42,0
0,743,4.889680181,0,53,0
0,743,4.889680181,8.11E-06,51,0
0,0,2.584962501,0.499252081,64,0
0,743,4.889680181,0,52,0
0,743,4.889680181,9.54E-07,51,0
0,743,4.623516641,9.54E-07,42,0
0,743,4.459431619,0,41,0
0,743,4.889680181,0,54,0
0,743,4.889680181,0,51,0
0,743,4.368522528,0,41,0
0,743,4.889680181,0,50,0
0,743,4.889680181,0,50,0
0,743,4.889680181,0,50,0
0,743,4.889680181,0,50,0
0,743,4.889680181,0,50,0
0.003086,743,3.906890596,1.00E-05,64,0
0.004352,743,3.906890596,0,64,0
0.003146,743,3.906890596,8.11E-06,64,0
0,743,4.889680181,1.91E-06,51,0
0,743,4.889680181,0,51,0
0,743,4.889680181,0,52,0
0,743,4.142664356,6.91E-06,52,0
0,60,0,0.039274931,64,0
0,743,4.754887502,3.10E-06,52,0
0,743,4.247927513,8.11E-06,45,0
0,743,4.247927513,2.15E-06,52,0
0,743,4.889680181,1.19E-06,52,0
0,743,4.889680181,0,52,0
0,743,4.889680181,8.11E-06,52,0
0,743,4.889680181,0,52,0
0,743,4.889680181,0,51,0
0,743,4.889680181,9.06E-06,53,0
0,743,4.807354922,2.86E-06,64,0
0,743,4.889680181,0,54,0
0,743,4.221928095,7.15E-06,64,0
0,743,4.889680181,9.54E-07,64,0
0,743,4.523561956,7.99E-05,51,0
0,743,4.584962501,1.12E-05,53,0
0,743,4.807354922,0,52,0
0,743,4.889680181,6.91E-06,52,0
0,743,4.700439718,9.54E-07,52,0
0,743,4.889680181,0,52,0
0,743,4.459431619,7.87E-06,41,0
0,743,4.321928095,1.12E-05,41,0
0,743,4.584962501,1.00E-05,43,0
0,743,4.889680181,0,51,0
0.002528,743,4,1.91E-06,64,0
0.005106,743,4,0,64,0
0.003038,743,3.906890596,7.87E-06,64,0
0.004376,743,3.906890596,4.10E-05,64,0
0,743,4.889680181,0,51,0
0,743,4.889680181,0,53,0
0,743,4.584962501,9.54E-07,64,0
0,743,4.889680181,0,54,0
0,743,4.889680181,0,64,0
0,743,4.321928095,1.12E-05,41,0
0,206,2.584962501,1.60E-05,42,0
0,743,4.321928095,2.15E-06,41,0
0,743,4.523561956,1.91E-06,41,0
0.002755,743,3.584962501,1.41E-05,64,0
0.00436,743,3.459431619,3.10E-05,64,0
0.002847,743,3.906890596,0,64,0
0.004176,743,3.906890596,1.41E-05,64,0
0,743,4.889680181,0,53,0
1789569706,497,3.700439718,3.00E-05,49,5
0,743,3.906890596,0.002834082,42,5
0,743,3.906890596,0.002910137,41,5
0,743,3.906890596,0.004031897,42,5
0,743,4.64385619,0.002374887,41,5
0,743,3.906890596,0.004213095,42,5
0,743,4.700439718,0.002223015,40,5
0,743,4.700439718,0.000251055,41,5
0,743,3.906890596,0.002985954,41,5
0,743,4.584962501,3.81E-05,42,5
0,743,3.906890596,0.002242088,42,5
0,743,4.700439718,0.000215054,42,5
0,743,4.584962501,0.002104044,42,5
0,743,4.700439718,0.002340794,40,5
0,743,3.906890596,0.000269175,42,5
0,743,4.584962501,0.003607035,42,5
0,743,3.906890596,0.00018096,42,5
0,743,4.584962501,0.002739906,41,5
0,743,4.584962501,0.00022006,41,5
0,743,3.906890596,7.89E-05,42,5
0,743,4.700439718,0.002288103,41,5
0,743,4.700439718,0.00233078,42,5
0,743,3.906890596,0.004432917,41,5
0,743,4.700439718,0.004082918,40,5
0,743,4.700439718,0.002693176,41,5
0,743,3.906890596,0.002342939,42,5
0,743,4.700439718,0.00207901,42,5
0,743,4.087462841,9.11E-05,41,5
0,743,4.584962501,0.002560139,42,5
0,743,3.906890596,0.003041029,41,5
0,743,4.584962501,0.002109051,43,5
0,743,4.700439718,0.006551981,40,5
0,743,4.700439718,3.89E-05,42,5
0,743,3.807354922,0.002258062,41,5
0,743,4.64385619,0.001208067,40,5
0,743,4.889680181,0.001730919,40,5
0,743,3.807354922,0.00317812,43,5
82.954135,743,4.889680181,0,47,5
0,743,3.807354922,8.89E-05,40,5
0,743,4.392317423,0.004297972,41,5
0,743,4.754887502,2.00E-05,43,5
0,743,4,0.00411582,41,5
0,743,4.64385619,4.01E-05,41,5
0,743,4.889680181,9.54E-07,41,5
0,743,3.807354922,0.002468109,41,5
0,743,3.807354922,0.002200842,41,5
0,743,4.64385619,0.005358934,42,5
0,743,4.64385619,0.000740767,40,5
0,743,4.087462841,0,42,5
0,743,4.392317423,2.81E-05,107,5
0,743,3.807354922,0.000150919,42,5
0,743,4.64385619,0.000221014,41,5
0,743,4.889680181,0.00013113,41,5
0,743,3.807354922,0.002485991,41,5
0,743,3.807354922,0.002232075,42,5
0,743,4.754887502,0.002285004,41,5
0,743,4.889680181,3.29E-05,40,5
0,743,3.807354922,0.00022912,42,5
0,743,3.807354922,9.11E-05,41,5
0,743,4.700439718,0.000221014,41,5
0,743,4.889680181,3.00E-05,41,5
0,743,3.807354922,2.98E-05,41,5
0,743,3.807354922,0.009126902,42,5
0,743,4.807354922,0.002573013,41,5
0,743,4.700439718,0.001027107,42,5
0,743,4.321928095,9.06E-06,41,5
0,743,3.807354922,0.002211094,42,5
0,743,4.64385619,0.002314091,40,5
0,743,4.889680181,5.01E-05,42,5
0,743,3.807354922,0.002157927,41,5
0,743,3.807354922,0.004154921,42,5
0,743,4.700439718,0.002260923,41,5
0,743,4.889680181,0.000571012,41,5
0,743,3.807354922,0.002478838,43,5
0,743,3.807354922,0.005470991,42,5
0,743,4.807354922,0.0006001,41,5
0,743,4.889680181,4.01E-05,40,5
0,743,3.807354922,0.002721071,40,5
0,743,3.807354922,0.00414896,43,5
0,743,4.64385619,0.002659082,41,5
0,743,4.889680181,0.001689911,40,5
0,743,4.169925001,0.002261877,41,5
0,743,3.807354922,0.004076958,42,5
0,743,4.700439718,0.002233028,43,5
0,743,4.889680181,0.002819061,41,5
0,743,3.807354922,0.002223969,42,5
0,743,3.807354922,0.00376296,42,5
0,743,4.523561956,0.00296402,42,5
0,743,4.523561956,5.01E-05,41,5
0,743,4.523561956,0.00257206,42,5
0,743,3.807354922,0.007776976,41,5
0,743,4.584962501,0.002547026,42,5
0,743,3.807354922,0.004439116,40,5
0,743,4.523561956,0.003627777,41,5
0,743,4.523561956,0.002910137,41,5
0,743,3.807354922,0.005079985,42,5
0,743,4.523561956,0.003026962,41,5
0,743,4.523561956,0.002613068,42,5
0,743,3.807354922,0.005901814,42,5
0,743,4.523561956,0.002942085,43,5
0.108856,544,3.321928095,1.00E-05,43,7
0,743,4.889680181,8.11E-06,39,7
0,743,4.889680181,2.00E-05,38,7
0,743,4.700439718,8.11E-06,39,7
96.757297,743,4.889680181,0,48,7
0,743,4.889680181,0,37,7
0,743,4.889680181,1.19E-06,40,7
0,743,4.247927513,1.00E-05,40,7
0,743,4.584962501,9.54E-07,39,7
0,743,4.64385619,1.10E-05,40,7
0,743,4.889680181,0,39,7
0,743,4.169925001,9.54E-07,39,7
0,743,4,9.06E-06,39,7
0,743,4.169925001,0,38,7
0,743,4.889680181,9.06E-06,39,7
0,743,4,9.54E-07,38,7
0,743,4.584962501,9.54E-07,38,7
0,743,4.247927513,2.79E-05,39,7
0.01393,743,4.889680181,1.22E-05,64,7
0,743,4.392317423,9.54E-07,39,7
0,743,4.501629167,1.19E-05,37,7
0,743,4,1.29E-05,39,7
0,743,4.459431619,1.31E-05,38,7
0,743,4.584962501,9.54E-07,38,7
0,743,4.584962501,1.91E-06,38,7
0,743,4.584962501,1.19E-05,38,7
0,743,4.584962501,1.29E-05,38,7
0,743,4.623516641,1.22E-05,37,7
0,743,4.64385619,1.91E-06,38,7
0,743,4.754887502,7.87E-06,38,7
0,743,4,3.10E-06,38,7
0,743,4.889680181,1.91E-05,38,7
0,743,4.247927513,1.00E-05,38,7
0,743,4.584962501,1.00E-05,39,7
0,743,4,8.20E-05,38,7
0,743,4.754887502,0,38,7
0,743,4.754887502,1.10E-05,38,7
0,743,4.700439718,1.00E-05,38,7
0,743,3.700439718,9.78E-06,39,7
0,743,4,1.10E-05,39,7
0,743,4.64385619,8.82E-06,39,7
0,743,4.459431619,2.15E-06,37,7
0,743,4.64385619,2.15E-06,38,7
0,743,4.807354922,1.10E-05,37,7
0,743,4.889680181,1.10E-05,38,7
0,743,4,9.54E-07,39,7
0,743,4.584962501,2.86E-06,38,7
0,743,4.584962501,1.00E-05,38,7
0,743,4.889680181,7.87E-06,37,7
0,743,4.584962501,9.06E-06,37,7
0,743,4.56385619,7.87E-06,37,7
0,743,4.56385619,8.82E-06,39,7
0,743,4.584962501,9.06E-06,38,7
0,743,4.807354922,1.00E-05,37,7
0,743,4,8.11E-06,38,7
0,743,4,9.54E-07,38,7
0,743,4.523561956,1.10E-05,37,7
0,743,4.700439718,1.10E-05,39,7
0,743,4.584962501,1.91E-06,38,7
0,743,4.501629167,1.91E-06,39,7
0,743,4.584962501,1.10E-05,39,7
0,743,4.64385619,1.19E-05,39,7
0,743,4.584962501,8.82E-06,37,7
0,743,4.623516641,8.11E-06,38,7
0,743,4.56385619,9.06E-06,38,7
0,743,4.889680181,1.91E-06,38,7
0,743,4,1.00E-05,39,7
0,743,4.56385619,1.19E-05,38,7
0,743,4.735926351,9.06E-06,39,7
0,743,4.584962501,2.15E-06,37,7
0,743,4.889680181,1.91E-06,38,7
0,743,4.48385619,1.22E-05,38,7
0,743,4.584962501,3.00E-05,38,7
0,743,4.584962501,9.54E-07,38,7
0,743,4.64385619,9.54E-07,37,7
0,743,4.56385619,1.29E-05,39,7
0,743,4.584962501,1.19E-06,38,7
0,743,4.584962501,1.19E-05,39,7
0,743,4.64385619,1.19E-05,39,7
0,743,4.584962501,1.29E-05,39,7
0,743,4.889680181,0,38,7
0,743,4.700439718,7.87E-06,37,7
0,743,4.459431619,1.91E-06,40,7
0,743,4.754887502,1.91E-06,40,7
0,743,4.247927513,7.87E-06,38,7
0,743,4.700439718,1.00E-05,38,7
0,743,4.56385619,1.22E-05,38,7
0,743,4,9.54E-07,37,7
0,743,4.584962501,9.54E-07,37,7
0,743,4.584962501,1.10E-05,40,7
0,743,4.32385619,9.54E-07,37,7
0,743,4,1.29E-05,40,7
0,743,4,9.54E-07,38,7
0,743,4.64385619,1.91E-06,38,7
0,743,4.584962501,1.91E-06,37,7
0,743,4.889680181,1.91E-06,37,7
0,743,4.889680181,2.15E-06,38,7
0,743,4.501629167,1.22E-05,39,7
0,743,4.700439718,2.15E-06,38,7
0,743,4.56385619,0,38,7
0,743,4.523561956,3.10E-05,107,9
0,743,4.523561956,1.19E-06,106,9
0,743,4.392317423,2.69E-05,107,9
0,743,4.392317423,4.91E-05,107,9
0,743,4.392317423,0.000880003,106,9
0,743,4.392317423,1.91E-05,107,9
0,743,4.392317423,9.06E-06,107,9
0,743,4.392317423,3.19E-05,108,9
0,0,3.459431619,0.4992311,255,9
0,0,2.807354922,0.479425907,255,9
0,0,1.584962501,0.497038841,255,9
0,0,1.584962501,0.490238905,255,9
0,0,1.584962501,0.474249125,255,9
0,0,3.459431619,0.493489981,255,9
0,0,1.584962501,0.400454044,255,9
0,0,1.584962501,0.490498781,255,9
0,0,1.584962501,0.49899888,255,9
0,0,1.584962501,0.494856119,255,9
0,0,3.459431619,0.425865889,255,9
0,0,1.584962501,0.493578196,255,9
0,0,2.807354922,0.442605972,255,9
0,0,1.584962501,0.474251986,255,9
0,0,2.807354922,0.487300873,255,9
0,0,2.807354922,0.492053986,255,9
0,0,1.584962501,0.472501993,255,9
0,0,3.459431619,0.437806129,255,9
0,0,1.584962501,0.488939047,255,9
0,0,2.807354922,0.496140003,255,9
0,0,2.807354922,0.399223089,255,9
0,0,1.584962501,0.449860096,255,9
0,0,1.584962501,0.497990131,255,9
0,0,1.584962501,0.490293026,255,9
0,0,1.584962501,0.499209881,255,9
0,0,1.584962501,0.393804073,255,9
0,0,3.459431619,0.400799036,255,9
0,0,3.459431619,0.474274874,255,9
0,0,1.584962501,0.49476099,255,9
0,0,1.584962501,0.423671961,255,9
0,0,2.807354922,0.474323034,255,9
0,0,2.807354922,0.492236137,255,9
0,0,1.584962501,0.499159098,255,9
0,0,2.807354922,0.473867893,255,9
0,0,1.584962501,0.499252081,255,9
0,0,1.584962501,0.397511005,255,9
0,0,2.807354922,0.499252081,255,9
0,0,2.807354922,0.476881981,255,9
0,0,1.584962501,0.491528988,255,9
0,0,1.584962501,0.473185062,255,9
0,0,1.584962501,0.45234704,255,9
0,0,1.584962501,0.499187946,255,9
0,0,2.807354922,0.496989012,255,9
0,0,2.807354922,0.400837898,255,9
0,0,1.584962501,0.499210119,255,9
0,0,1.584962501,0.498943806,255,9
0,0,1.584962501,0.488456011,255,9
0,0,1.584962501,0.455216885,255,9
0,0,1.584962501,0.498080015,255,9
0,0,1.584962501,0.4989779,255,9
0,0,1.584962501,0.499252081,255,9
0,0,3.906890596,0.490407944,255,9
0,0,1.584962501,0.397333145,255,9
0,0,1.584962501,0.482692003,255,9
0,0,2.807354922,0.492340088,255,9
0,0,3.459431619,0.474169016,255,9
0,0,1.584962501,0.499032974,255,9
0,0,1.584962501,0.488127947,255,9
0,0,1.584962501,0.449316978,255,9
0,0,3.906890596,0.49770093,255,9
0,0,2.807354922,0.472807884,255,9
0,0,1.584962501,0.497596025,255,9
0,0,4.247927513,0.472315073,255,9
0,0,1.584962501,0.42620492,255,9
0,0,1.584962501,0.495232105,255,9
0,0,1.584962501,0.494150877,255,9
0,0,2.807354922,0.49178791,255,9
0,0,1.584962501,0.474338055,255,9
0,0,2.807354922,0.472419024,255,9
0,0,1.584962501,0.474357843,255,9
0,0,1.584962501,0.474239111,255,9
0,0,2.807354922,0.398893833,255,9
0,0,3.906890596,0.487456799,255,9
0,0,1.584962501,0.498148918,255,9
0,0,1.584962501,0.499252081,255,9
0,0,1.584962501,0.422948837,255,9
0,0,1.584962501,0.499212027,255,9
0,0,1.584962501,0.489456892,255,9
0,0,1.584962501,0.499252081,255,9
0,0,1.584962501,0.498697042,255,9
0,0,1.584962501,0.495173216,255,9
0,0,1.584962501,0.477881908,255,9
0,0,1.584962501,0.47507,255,9
0,0,3.459431619,0.399224997,255,9
0,0,1.584962501,0.486414909,255,9
0,0,1.584962501,0.499150038,255,9
0,0,1.584962501,0.47637105,255,9
0,0,2.807354922,0.499000072,255,9
0,0,2.807354922,0.49419117,255,9
0,0,1.584962501,0.497508049,255,9
0,0,1.584962501,0.396725893,255,9
0,0,1.584962501,0.499252081,255,9
0,60,0,0.001485825,64,8
0,60,0,0.003317833,64,8
0,60,0,0.001809835,64,8
0,743,4.889680181,9.54E-07,39,8
0,743,4.889680181,0,51,8
0,743,4.087462841,8.11E-06,52,8
0,743,4.321928095,2.15E-06,52,8
0,743,4.889680181,0,54,8
0,743,4.889680181,9.54E-07,39,8
0,743,4.584962501,2.86E-06,51,8
0,120,2,2.38E-05,52,8
0,180,2.584962501,1.31E-05,52,8
0,743,4.889680181,0,52,8
0,743,4.889680181,7.89E-05,52,8
0,743,4.889680181,9.06E-06,51,8
0,743,4.889680181,0,51,8
0,743,4.889680181,9.54E-07,40,8
0,743,4.889680181,2.00E-05,53,8
0,743,4.584962501,9.01E-05,53,8
0,743,4.889680181,9.54E-07,52,8
0,743,4.889680181,0,40,8
0,743,4.889680181,5.01E-05,52,8
0,743,4.584962501,9.08E-05,51,8
0,743,4.889680181,0,52,8
0,743,4.889680181,0,52,8
0,743,4.64385619,0.000111103,52,8
0,743,4.889680181,0,53,8
0,743,4.889680181,9.54E-07,40,8
0,743,4.889680181,0,53,8
0,743,4.700439718,0,51,8
0,743,4.889680181,2.00E-05,53,8
0,743,3.906890596,0.000110865,51,8
0,743,4.889680181,8.11E-06,51,8
0,743,4.889680181,0,40,8
0,743,4.523561956,0.000121117,52,8
0,743,4.754887502,5.98E-05,51,8
0,743,4.584962501,1.19E-06,51,8
0,743,4.584962501,9.11E-05,52,8
0,743,4.857980995,9.54E-07,52,8
0,743,4.889680181,1.72E-05,50,8
0,743,4.889680181,8.82E-06,52,8
0,60,0,0.159296036,64,8
0,743,4.889680181,0,40,8
0,743,4.700439718,9.11E-05,52,8
0,743,4.889680181,1.00E-05,39,8
0,743,4.889680181,1.91E-05,50,8
0,743,4.889680181,0,40,8
0,743,4.64385619,5.96E-06,50,8
0,743,4.889680181,0.000267029,52,8
0,743,4.523561956,6.10E-05,52,8
0,743,4.584962501,0.000102043,53,8
0,743,4.584962501,8.11E-05,52,8
0,743,4.523561956,0.000570059,51,8
0,743,4.754887502,7.08E-05,52,8
0,743,4.64385619,6.10E-05,52,8
0,743,4.700439718,7.87E-06,53,8
0,743,4.64385619,0.000120878,52,8
0,743,4.889680181,9.54E-07,40,8
0,743,4.889680181,6.99E-05,52,8
0,743,4.584962501,7.08E-05,53,8
0,743,4.64385619,0.000160933,52,8
0,743,4.169925001,0.000196934,52,8
0,743,4.889680181,0.000359058,39,8
0,743,4.754887502,6.10E-05,52,8
0,743,4.889680181,0,40,8
0,743,4.889680181,7.10E-05,51,8
0,743,4.889680181,0,64,8
0,743,4.889680181,0,64,8
0,743,4.889680181,0,51,8
0,743,4.459431619,3.41E-05,51,8
0,743,4.889680181,7.87E-06,52,8
0,743,4.889680181,7.87E-06,52,8
0,743,4,0.000311136,51,8
0,743,4.523561956,0.001459837,51,8
0,743,4.459431619,6.10E-05,52,8
0,743,4.584962501,6.99E-05,50,8
0,743,4.754887502,0,53,8
0,743,4.700439718,0.000111103,53,8
0,743,4.889680181,0,40,8
0,743,4.889680181,0,64,8
0,743,4.889680181,0,52,8
0,743,4.889680181,0,64,8
0,743,4.523561956,0.000490904,52,8
0,743,4.584962501,2.15E-06,52,8
0,743,4.64385619,7.87E-06,51,8
0,743,4.889680181,8.82E-06,51,8
0,743,4.889680181,0,52,8
0,743,4.857980995,0.000111103,49,8
0,743,4.889680181,1.60E-05,52,8
0,743,4.857980995,8.11E-05,51,8
0,743,4.889680181,1.00E-05,51,8
0,743,4.889680181,3.00E-05,51,8
0,743,4.64385619,9.06E-06,52,8
0,743,4.889680181,9.06E-06,40,8
0,743,4.889680181,5.89E-05,52,8
0,743,4.754887502,1.91E-05,51,8
0,743,4.700439718,9.08E-05,51,8
0,79,1,0.030621052,40,8
0,743,4.584962501,0.000110865,52,8
0,743,4.889680181,9.54E-07,41,8
0,743,4.840223929,9.54E-07,35,1
0,743,4.889680181,9.54E-07,35,1
0,743,4.889680181,5.96E-06,36,1
0.114485,485,3.169925001,8.30E-05,48,1
0,743,4.889680181,1.91E-06,35,1
0,743,4.889680181,9.54E-07,36,1
0,743,4.889680181,1.50E-05,37,1
0,743,4.889680181,1.91E-06,35,1
0,743,4.889680181,1.19E-06,35,1
0,743,4.889680181,9.54E-07,36,1
0,743,4.889680181,9.54E-07,35,1
0,743,4.889680181,9.54E-07,37,1
0,60,1,0.030579805,64,1
0.115649,486,3.169925001,0.002157927,48,1
0,743,4.889680181,0,35,1
0,743,4.889680181,1.91E-06,36,1
0,743,4.889680181,9.54E-07,35,1
0,60,1,0.046903849,64,1
0,743,4.889680181,9.54E-07,35,1
0,743,4.889680181,9.54E-07,36,1
0,743,4.523561956,9.54E-07,35,1
0,743,4.889680181,9.54E-07,35,1
0,743,4.857980995,1.41E-05,36,1
0,743,4.889680181,2.15E-06,37,1
0,743,4.889680181,9.54E-07,35,1
0,743,4.889680181,9.54E-07,35,1
0.099038,488,3.169925001,1.10E-05,41,1
0,743,4.889680181,0,35,1
0,743,4.889680181,1.91E-06,35,1
0,743,4.889680181,9.54E-07,36,1
0,743,4.889680181,9.06E-06,35,1
0,743,4.889680181,9.54E-07,35,1
0,743,4.889680181,9.54E-07,36,1
0,743,4.789015478,1.19E-06,35,1
0,743,4.889680181,0,35,1
0,743,4.889680181,9.06E-06,35,1
0,743,4.889680181,9.54E-07,36,1
0,743,4.889680181,1.19E-06,36,1
0,743,4.889680181,9.54E-07,36,1
0,743,4.889680181,0,34,1
0,743,4.889680181,1.91E-06,33,1
0,743,4.889680181,1.19E-06,33,1
0,743,4.889680181,0,36,1
0,743,4.889680181,9.54E-07,33,1
0,743,4.889680181,0,32,1
0,743,4.889680181,0,34,1
0,743,4.889680181,0,34,1
0,743,4.889680181,9.54E-07,33,1
0,743,4.889680181,9.54E-07,33,1
0,743,4.889680181,9.54E-07,33,1
0,743,4.889680181,9.54E-07,34,1
0,743,4.889680181,9.54E-07,33,1
0,743,4.889680181,9.54E-07,32,1
0,743,4.889680181,1.91E-06,33,1
0,743,4.889680181,9.54E-07,33,1
0,743,4.889680181,9.54E-07,33,1
0,743,4.889680181,9.54E-07,34,1
0,743,4.889680181,1.19E-06,34,1
0,743,4.889680181,9.54E-07,34,1
0,743,4.889680181,9.54E-07,36,1
0,743,4.889680181,9.54E-07,33,1
0,743,4.889680181,9.54E-07,33,1
0,743,4.889680181,9.54E-07,33,1
0,743,4.889680181,9.54E-07,34,1
0,743,4.889680181,9.54E-07,33,1
0,743,4.889680181,9.54E-07,34,1
0,743,4.889680181,9.54E-07,35,1
0,743,4.889680181,9.54E-07,32,1
0,743,4.889680181,0,33,1
0,743,4.889680181,9.54E-07,33,1
0,743,4.889680181,9.54E-07,33,1
0,743,4.436605434,9.54E-07,35,1
0,743,4.735926351,9.54E-07,64,1
0,698,3.700439718,0.000410795,64,1
0,638,2.807354922,4.82E-05,64,1
0,743,4.889680181,0,35,1
0,743,4.889680181,0,33,1
0,743,4.889680181,9.54E-07,33,1
0,743,4.889680181,9.54E-07,33,1
0,743,4.889680181,9.54E-07,35,1
0,743,4.889680181,9.54E-07,34,1
0,743,4.889680181,9.54E-07,34,1
0,743,4.889680181,9.54E-07,33,1
0,743,4.889680181,9.54E-07,34,1
0,743,4.889680181,9.54E-07,33,1
0,743,4.889680181,9.54E-07,33,1
0,743,4.889680181,9.54E-07,35,1
0,743,4.889680181,1.91E-06,32,1
0,743,3.700439718,2.15E-06,36,1
0,743,4.889680181,9.54E-07,36,1
0,743,4.889680181,9.54E-07,32,1
0,743,4.889680181,9.54E-07,33,1
0,743,4.889680181,0,34,1
0,743,4.889680181,9.54E-07,33,1
0,743,4.889680181,0,32,1
0,743,4.889680181,9.54E-07,33,1
0,743,4.889680181,1.91E-06,34,1
0,743,4.889680181,3.10E-06,33,1
0,743,4.889680181,9.54E-07,33,1
0,743,4.889680181,3.10E-06,37,1
0,0,1.584962501,0.475677967,255,3
0.270728,689,3.169925001,9.54E-07,33,3
0.287924,370,2.807354922,6.01E-05,34,3
0.339915,594,3.169925001,0,31,3
536870912.1,654,4.889680181,0,31,3
0.280536,370,2.807354922,6.10E-05,35,3
536870912.1,594,4.889680181,0,31,3
0.261017,370,3.906890596,5.89E-05,35,3
1789569706,654,3.584962501,2.15E-06,33,3
0.290724,370,2.807354922,6.99E-05,35,3
1789569706,654,3.459431619,1.91E-06,33,3
1.221836,370,2.807354922,0.005321026,35,3
0.271654,594,3.169925001,1.91E-06,32,3
0.259431,370,2.807354922,0.000870943,37,3
1789569706,654,3.459431619,2.15E-06,31,3
0.255921,370,2.807354922,5.98E-05,35,3
1789569706,654,3.459431619,2.15E-06,32,3
0.247391,370,2.807354922,9.01E-05,35,3
0.425016,654,3.584962501,2.15E-06,32,3
0.421499,430,3.321928095,6.10E-05,35,3
536870912.1,743,4.889680181,0,31,3
0.427028,490,3.584962501,0.003709078,36,3
536870912.1,594,4.889680181,0,31,3
0.261017,370,3.906890596,5.89E-05,35,3
1789569706,654,3.584962501,1.91E-06,34,3
0.243406,370,2.807354922,6.01E-05,34,3
0,0,1.584962501,0.418397903,255,3
0.309064,689,3.321928095,9.54E-07,32,3
0.325901,689,3.169925001,2.15E-06,33,3
0.30319,370,2.807354922,6.01E-05,35,3
0.297211,370,2.807354922,5.98E-05,35,3
1073741824,490,3.584962501,6.01E-05,35,3
0,60,1,0.001091003,34,3
1789569706,654,3.459431619,1.91E-06,31,3
0.31886,370,2.807354922,0.001461983,35,3
1789569706,654,3.584962501,8.82E-06,32,3
0.252986,370,2.807354922,0.001323938,34,3
1789569706,654,3.584962501,2.15E-06,31,3
0.257892,370,2.807354922,8.99E-05,34,3
1789569706,654,4.584962501,1.10E-05,32,3
0.25728,370,2.807354922,0.001320839,36,3
1789569706,654,4.584962501,1.10E-05,32,3
0.272662,370,2.807354922,6.01E-05,36,3
1789569706,654,3.459431619,1.91E-06,33,3
0.249394,370,2.807354922,5.91E-05,35,3
1789569706,654,3.459431619,1.41E-05,33,3
0.235586,370,2.807354922,0.000169992,35,3
0.27602,594,3.892407119,1.91E-06,31,3
0.244574,370,2.807354922,0.000279188,36,3
0.27602,594,3.892407119,1.91E-06,31,3
0.289496,370,2.807354922,0.001294136,35,3
1789569706,654,3.459431619,1.38E-05,32,3
0.345942,370,2.807354922,0.00088191,36,3
1789569706,654,4.523561956,1.91E-06,31,3
1789569706,654,4.523561956,1.91E-06,31,3
0.365193,370,2.807354922,0.004562855,37,3
1789569706,654,4.584962501,7.87E-06,33,3
0.287313,370,2.807354922,0.000280857,36,3
1789569706,654,3.459431619,9.54E-07,32,3
0.252469,370,2.807354922,6.01E-05,36,3
1789569706,654,4.584962501,7.87E-06,33,3
0.2394,370,2.807354922,0.001307964,34,3
1789569706,654,3.459431619,1.10E-05,33,3
0.308809,370,2.807354922,0.000838041,35,3
0,0,1.584962501,0.497292042,255,3
0.245214,689,3.169925001,9.06E-06,32,3
0.232,370,2.807354922,0.001454115,34,3
0.24182,370,2.807354922,0.001551867,35,3
1789569706,654,3.459431619,1.00E-05,33,3
1789569706,654,3.459431619,1.10E-05,32,3
0.25209,370,2.807354922,0.001599789,36,3
1789569706,654,3.584962501,2.86E-06,31,3
0.229488,370,2.807354922,0.001368046,35,3
0.421864,594,3.169925001,9.54E-07,34,3
0.414157,370,2.807354922,0.000431061,35,3
0.327457,654,3.584962501,1.91E-06,32,3
0.303166,430,3.321928095,0.000419855,35,3
0.697742,714,3.807354922,9.54E-07,32,3
0.676505,490,3.584962501,6.20E-05,35,3
1789569706,654,3.459431619,2.15E-06,34,3
0.274508,370,2.807354922,8.01E-05,37,3
1789569706,654,4.889680181,5.96E-06,32,3
0.247735,370,2.807354922,0.000652075,37,3
1789569706,654,4.889680181,5.96E-06,32,3
0.243655,370,2.807354922,0.001979828,35,3
0.256689,594,3.169925001,9.54E-07,33,3
0.241633,370,2.807354922,0.001710176,36,3
1789569706,654,3.584962501,0,31,3
0.261575,370,2.807354922,0.001441002,35,3
1789569706,654,4.889680181,5.96E-06,32,3
0.264237,370,2.807354922,6.01E-05,35,3
0.417894,594,3.169925001,9.54E-07,34,3
0.407958,370,2.807354922,6.01E-05,35,3
1789569706,654,3.459431619,1.91E-06,32,3
0.247954,370,2.807354922,5.89E-05,36,3
0,0,1.584962501,0.482979059,255,3
0.277212,689,3.169925001,2.15E-06,31,3
0.273241,370,2.807354922,0.00679183,35,3
0.231343,370,2.807354922,0.000151873,35,3
0.387715,654,3.584962501,1.91E-06,32,3
0,0,1,0.485183954,255,2
0,0,1,0.485177994,255,2
0,0,1.584962501,0.494868994,255,2
0,0,1.584962501,0.497092009,255,2
0,0,1.584962501,0.496969223,255,2
0,0,1.584962501,0.39953804,255,2
0,0,1.584962501,0.497123957,255,2
0,0,1.584962501,0.421088219,255,2
0,0,1.584962501,0.473896027,255,2
0,0,1.584962501,0.498811007,255,2
0,0,1.584962501,0.499198914,255,2
0,0,1.584962501,0.498192072,255,2
0,0,1.584962501,0.497223139,255,2
0,0,1.584962501,0.498975039,255,2
0,0,1.584962501,0.497756004,255,2
0,0,1.584962501,0.499062061,255,2
0,0,1.584962501,0.494024038,255,2
0,0,1.584962501,0.476227999,255,2
0,0,1.584962501,0.499107122,255,2
0,0,1.584962501,0.497359991,255,2
0,0,1.584962501,0.49832201,255,2
0,0,1.584962501,0.498044014,255,2
0,0,1.584962501,0.499252081,255,2
0,0,1.584962501,0.498883009,255,2
0,0,1.584962501,0.498737097,255,2
0,0,1.584962501,0.496363878,255,2
0,0,1.584962501,0.490370035,255,2
0,0,1.584962501,0.498940945,255,2
0,0,1.584962501,0.498692036,255,2
0,0,1.584962501,0.498822927,255,2
0,0,1.584962501,0.49901104,255,2
0,0,1.584962501,0.49833107,255,2
0,0,1.584962501,0.499252081,255,2
0,0,1.584962501,0.47444582,255,2
0,0,1.584962501,0.474102974,255,2
0,0,1.584962501,0.495881081,255,2
0,0,1.584962501,0.498950958,255,2
0,0,1.584962501,0.49883008,255,2
0,0,1.584962501,0.496171951,255,2
0,0,1.584962501,0.499010086,255,2
0,0,1.584962501,0.499202013,255,2
0,0,1.584962501,0.496603012,255,2
0,0,1.584962501,0.498800993,255,2
0,0,1.584962501,0.499040842,255,2
0,0,1.584962501,0.496834993,255,2
0,0,1.584962501,0.487921,255,2
0,0,1.584962501,0.498413086,255,2
0,0,1.584962501,0.484706879,255,2
0,0,1.584962501,0.498882055,255,2
0,0,1.584962501,0.492309809,255,2
0,0,1.584962501,0.49834609,255,2
0,0,1.584962501,0.498976946,255,2
0,0,1.584962501,0.473986864,255,2
0,0,1.584962501,0.498922825,255,2
0,0,1.584962501,0.498449087,255,2
0,0,1.584962501,0.487027884,255,2
0,0,1.584962501,0.48597002,255,2
0,0,1.584962501,0.463033915,255,2
0,0,1.584962501,0.49691987,255,2
0,0,2.807354922,0.475264072,255,2
0,0,1.584962501,0.499252081,255,2
0,0,1.584962501,0.494523048,255,2
0,0,1.584962501,0.499001026,255,2
0,0,1.584962501,0.498970032,255,2
0,0,1.584962501,0.498889923,255,2
0,0,1.584962501,0.499252081,255,2
0,0,1.584962501,0.498929024,255,2
0,0,1.584962501,0.498892069,255,2
0,0,1.584962501,0.499252081,255,2
0,0,1.584962501,0.497011185,255,2
0,0,1.584962501,0.480880022,255,2
0,0,1.584962501,0.496368885,255,2
0,0,1.584962501,0.49319911,255,2
0,0,1.584962501,0.499252081,255,2
0,0,1.584962501,0.398936033,255,2
0,0,2.807354922,0.475264072,255,2
0,0,1.584962501,0.480230093,255,2
0,0,1.584962501,0.498538971,255,2
0,0,1.584962501,0.499168873,255,2
0,0,1.584962501,0.49840188,255,2
0,0,1.584962501,0.497169018,255,2
0,0,1.584962501,0.499161959,255,2
0,0,1.584962501,0.497169971,255,2
0,0,0,0,255,2
0,0,1.584962501,0.497573853,255,2
0,0,1.584962501,0.497564077,255,2
0,0,1.584962501,0.499252081,255,2
0,0,1.584962501,0.499228954,255,2
0,0,1.584962501,0.497227907,255,2
0,0,1.584962501,0.497620106,255,2
0,0,1.584962501,0.424519062,255,2
0,0,1.584962501,0.498873949,255,2
0,0,1.584962501,0.471311092,255,2
0,0,1.584962501,0.49699378,255,2
0,0,1.584962501,0.497013092,255,2
0,0,1.584962501,0.499116182,255,2
0,0,1.584962501,0.497072935,255,2
0,0,1.584962501,0.499140978,255,2
0,0,1.584962501,0.498427868,255,2
0,0,1.584962501,0.499252081,255,2
0,0,1.584962501,0.499252081,255,6
0,0,1.584962501,0.499252081,255,6
0,0,1.584962501,0.494423151,255,6
0,0,1.584962501,0.401590109,255,6
0,0,1.584962501,0.498869896,255,6
0,0,1.584962501,0.448843956,255,6
0,0,2.807354922,0.493848085,255,6
0,0,1.584962501,0.395343065,255,6
0,0,1.584962501,0.495543957,255,6
0,0,1.584962501,0.449195862,255,6
0,0,1.584962501,0.49029088,255,6
0,0,1.584962501,0.497925043,255,6
0,0,1.584962501,0.493097067,255,6
0,0,2.807354922,0.497570038,255,6
0,0,1.584962501,0.499252081,255,6
0,0,1.584962501,0.375068903,255,6
0,0,1.584962501,0.49891901,255,6
0,0,1.584962501,0.499019861,255,6
0,0,1.584962501,0.47892189,255,6
0,0,1.584962501,0.47816205,255,6
0,0,1.584962501,0.473491907,255,6
0,0,1.584962501,0.474250793,255,6
0,0,1.584962501,0.499252081,255,6
0,0,1.584962501,0.396311998,255,6
0,0,1.584962501,0.498980045,255,6
0,0,1.584962501,0.498210907,255,6
0,0,1.584962501,0.499252081,255,6
0,0,1.584962501,0.475643158,255,6
0,0,1.584962501,0.468550205,255,6
0,0,1.584962501,0.478916168,255,6
0,0,1.584962501,0.47387886,255,6
0,0,1.584962501,0.375766993,255,6
0,0,2.807354922,0.47410512,255,6
0,0,1.584962501,0.499228001,255,6
0,0,2.807354922,0.497258186,255,6
0,0,1.584962501,0.498728991,255,6
0,0,1.584962501,0.475073099,255,6
0,0,1.584962501,0.481795073,255,6
0,0,1.584962501,0.427340984,255,6
0,0,1.584962501,0.499156952,255,6
0,0,1.584962501,0.499054193,255,6
0,0,1.584962501,0.490037918,255,6
0,0,1.584962501,0.499252081,255,6
0,0,1.584962501,0.479665041,255,6
0,0,2.807354922,0.497570038,255,6
0,0,1.584962501,0.4982059,255,6
0,0,1.584962501,0.400405884,255,6
0,0,2.807354922,0.499132156,255,6
0,0,1.584962501,0.477277994,255,6
0,0,1.584962501,0.474525928,255,6
0,0,1.584962501,0.499252081,255,6
0,0,1.584962501,0.499252081,255,6
0,0,1.584962501,0.499252081,255,6
0,0,1.584962501,0.495898008,255,6
0,0,1.584962501,0.485560894,255,6
0,0,1.584962501,0.489812136,255,6
0,0,1.584962501,0.496437073,255,6
0,0,1.584962501,0.494611025,255,6
0,0,1.584962501,0.499252081,255,6
0,0,1.584962501,0.499086142,255,6
0,0,1.584962501,0.474220037,255,6
0,0,1.584962501,0.474865913,255,6
0,0,2.807354922,0.475643873,255,6
0,0,1.584962501,0.474761009,255,6
0,0,1.584962501,0.497956038,255,6
0,0,1.584962501,0.497482061,255,6
0,0,1.584962501,0.498917818,255,6
0,0,1.584962501,0.497846127,255,6
0,0,1.584962501,0.496484041,255,6
0,0,1.584962501,0.499094009,255,6
0,0,1.584962501,0.499252081,255,6
0,0,1.584962501,0.498753071,255,6
0,0,1.584962501,0.493294001,255,6
0,0,1.584962501,0.497642994,255,6
0,0,1.584962501,0.499252081,255,6
0,0,1.584962501,0.499252081,255,6
0,0,1.584962501,0.473150969,255,6
0,0,1.584962501,0.499198914,255,6
0,0,1.584962501,0.49841094,255,6
0,0,1.584962501,0.490885973,255,6
0,0,1.584962501,0.493241072,255,6
0,0,2.807354922,0.47410512,255,6
0,0,1.584962501,0.478761196,255,6
0,0,2.807354922,0.498672009,255,6
0,0,1.584962501,0.499252081,255,6
0,0,2.807354922,0.498672009,255,6
0,0,1.584962501,0.498561144,255,6
0,0,1.584962501,0.498759985,255,6
0,0,1.584962501,0.490535021,255,6
0,0,1.584962501,0.496114969,255,6
0,0,1.584962501,0.481200933,255,6
0,0,2.807354922,0.499132156,255,6
0,0,1.584962501,0.450665951,255,6
0,0,1.584962501,0.498568058,255,6
0,0,1.584962501,0.497701168,255,6
0,0,2.807354922,0.497258186,255,6
0,0,1.584962501,0.498953104,255,6
0,0,2.807354922,0.475643873,255,6
0,0,1.584962501,0.485896826,255,6
0,0,1.584962501,0.494934082,255,6
